gps_lat (deg),gps_lon (deg),gps_alt (m),gps_vN (m/s),gps_vE (m/s),gps_vD (m/s)
3.045003689204167685e+01,1.144699569810005357e+02,1.217968642099933518e+01,-4.605069055437981118e-02,6.601050702953403793e-02,-8.037933558123712408e-02
3.045006363795721782e+01,1.144699894646024347e+02,5.871330696554745820e+00,8.662063977226306388e-01,6.378989568550995359e-02,1.408779200898994423e-02
3.044996680982034221e+01,1.144699838536667045e+02,-6.598496734396158692e-01,1.919783584097370710e+00,-1.051463004053037730e-03,1.103941674223096608e-01
3.045007392403385182e+01,1.144700313594434249e+02,1.237546150731922801e+01,2.861200382482978810e+00,1.901820460659494824e-02,-2.760336638338395029e-02
3.045008833929289693e+01,1.144699872439083776e+02,-1.103480472717339467e+01,3.925710897004571098e+00,-4.939262272040070151e-02,-1.037745812100045878e-02
3.045014315894059465e+01,1.144700359440387700e+02,9.754033168112422603e-01,4.973232349224198323e+00,5.478325521176015400e-02,6.499878072013237987e-03
3.045019159037914136e+01,1.144700583281111506e+02,-6.535247863339821883e+00,5.935829915391654055e+00,-1.555921822074951555e-03,-4.093087612388156965e-02
3.045026452148710661e+01,1.144699198282457075e+02,-3.748222909193637431e+00,6.846943960304133547e+00,-6.839134313843366064e-02,-1.502836950532882888e-02
3.045037846888914856e+01,1.144699226609504592e+02,-3.873478950368160589e+00,7.966031342508736124e+00,4.834175493361417275e-03,4.083482549378714133e-02
3.045034190013481989e+01,1.144700199849990554e+02,2.046151368835622097e+00,8.926483403184477083e+00,-4.585776035863067812e-02,1.327696283614556438e-01
3.045041707653909668e+01,1.144700402384347484e+02,4.903310339705463150e+00,1.000746833424860505e+01,1.405611064549237149e-02,3.729783684417326689e-02
3.045055114119319839e+01,1.144700106470980785e+02,2.881767029695770699e+00,1.088798017614800528e+01,-2.687265320907451533e-03,-1.194712176780282215e-01
3.045058505129645710e+01,1.144701407344620492e+02,-6.843568101938673820e+00,1.197450820758108847e+01,4.373417271514884463e-02,-1.907007733612424080e-02
3.045074864698029060e+01,1.144699894687359887e+02,-3.729434736293729458e+00,1.300403399478406108e+01,-9.082522121232808332e-02,-1.728960952079988331e-02
3.045085565343748257e+01,1.144700182435038727e+02,-8.643928749104642151e+00,1.387648632977828456e+01,5.851023590945139685e-02,-4.302275557974465092e-02
3.045100329790319194e+01,1.144699022019448904e+02,-1.006334403071271666e+01,1.503305165223018491e+01,-7.350344613185359754e-02,5.396809260931591246e-02
3.045112929433069482e+01,1.144700615167509028e+02,8.211645011138713812e+00,1.581508654659503676e+01,1.350744867041266464e-02,-3.950139618527137575e-02
3.045124002028068588e+01,1.144700466850697751e+02,1.251117615132543825e+01,1.691432515693695393e+01,9.889946266056411431e-03,-2.358502584029920947e-03
3.045144349283615881e+01,1.144700757108776372e+02,-6.537417883778326555e+00,1.798393407898842611e+01,-7.683141881106515803e-02,1.216819748032459958e-01
3.045164283786204962e+01,1.144699261390362039e+02,-7.648458130716394798e+00,1.890921394208956130e+01,-1.139007457335252695e-02,5.198413582612241429e-02
3.045177846761646379e+01,1.144700573896450635e+02,1.003570683534766417e+01,2.003336846951160055e+01,3.242227539503107769e-02,-1.753462077363022661e-02
3.045194701559100636e+01,1.144699942644389665e+02,2.078333684202549048e+00,1.930039342481560283e+01,4.985286885860857886e+00,-3.244003897632804362e-02
3.045219979490820705e+01,1.144700085779560794e+02,3.875710502835661764e+00,1.059560106004845359e+01,1.679420826696715707e+01,1.552358892717289841e-03
3.045216238619286031e+01,1.144703375940312924e+02,-3.094450628803277592e+00,-5.899906719974683078e+00,1.897206549525400732e+01,6.157734179680848796e-02
3.045198660268293622e+01,1.144704179856950077e+02,-6.505947239923910885e+00,-1.453350394212788999e+01,1.360005349025436061e+01,4.806319623128576385e-02
3.045192739094607148e+01,1.144706437150225469e+02,5.415882777804207571e+00,-1.808701370616821791e+01,8.547982804620577468e+00,6.876324273444982260e-02
3.045166514288482418e+01,1.144706786987259619e+02,-1.780950957225723580e-02,-1.921693473637969873e+01,5.257913426210165220e+00,7.267509945364129115e-03
3.045152629167723646e+01,1.144707892913199743e+02,-1.200505133904151700e+00,-1.970430755622733443e+01,3.120955546824479843e+00,2.348950386142017316e-02
3.045138610541373225e+01,1.144707485817073831e+02,8.336401224636256657e+00,-1.978434451151161966e+01,1.793636729960483844e+00,-5.532447892896870389e-02
3.045112876350956910e+01,1.144707994335508090e+02,-5.141113067362287126e+00,-1.986828885927109312e+01,1.040867693585307396e+00,3.766620334439557682e-02
3.045095576392557035e+01,1.144707833143680205e+02,-1.158005995670851007e+01,-1.993711739629442548e+01,6.283448032170543263e-01,-5.218055272951305223e-02
3.045081214891108345e+01,1.144707965484624452e+02,-4.187715749561746748e+00,-1.991572693846947928e+01,4.233872545283957067e-01,8.474891780829107990e-02
3.045071753541536452e+01,1.144706673325208754e+02,-5.628301344977255649e-01,-1.992528850931175555e+01,2.735771256243185179e-01,1.801071996665007044e-02
3.045040996251167442e+01,1.144708153763327374e+02,1.189840177301869950e+01,-1.989032393831216439e+01,1.663558543664983014e-01,-1.966197919415509435e-02
3.045025556697552460e+01,1.144707767071373326e+02,1.227018178697339224e+01,-1.986975757506755613e+01,1.357452477795316748e-01,-1.364764224405386889e-02
3.045008736536815519e+01,1.144707205376580106e+02,1.065025636669399312e+01,-1.994271568999947064e+01,9.143375227242084291e-02,4.587702729102660637e-02
3.044996055080996911e+01,1.144708111692008572e+02,-4.769998344918819022e+00,-1.988597212190719077e+01,-7.539205140313300080e-02,7.781490452808137448e-02
3.044979007026671880e+01,1.144707720374408382e+02,-2.122604209952657861e+00,-1.994793621133249317e+01,5.752056453589565049e-02,-7.924165105888027888e-03
3.044949787832209864e+01,1.144708617902084740e+02,5.260478744913346105e+00,-1.996563076790926061e+01,-1.009609080682753041e-02,-1.489787943998170661e-02
3.044939811697711818e+01,1.144708145176352190e+02,5.226386785160226367e+00,-1.989978840337113652e+01,4.741670759133336660e-02,3.593311473692634150e-02
3.044923082571487427e+01,1.144708354693928669e+02,-7.471283045176238424e+00,-1.988990968760698763e+01,-1.607676968546715643e-02,-1.056303645144548477e-02
3.044898400459362264e+01,1.144706728555022863e+02,7.918190634224805180e+00,-1.987514191213350401e+01,3.296546592158614702e-02,-5.953280060174304111e-02
3.044881950558830042e+01,1.144707471609593199e+02,-4.101421596288068905e+00,-1.986902383867020916e+01,-2.608739206270179259e-02,-2.864705596623067993e-02
3.044865544101164900e+01,1.144708270786882309e+02,1.502742201976151826e+00,-1.992482202773518907e+01,-1.395804596821188098e-02,1.675429837628139226e-02
3.044844437845722851e+01,1.144708053592392503e+02,-1.092596131108948576e+01,-1.993353505481425358e+01,-6.505891042646813616e-02,-1.533353334909254989e-02
3.044830074264111985e+01,1.144707159588902954e+02,-2.880537543266293632e+00,-1.986572850066566787e+01,3.727239667388584921e-02,-3.746093609210604525e-02
3.044812787764924877e+01,1.144708044507654563e+02,3.091260363444041648e+00,-1.984033434446989830e+01,-1.908770670657477034e-02,3.774411088146657160e-03
3.044802233245056655e+01,1.144706594978788701e+02,9.269118299025436158e+00,-1.999315037708130305e+01,-9.423147110091373291e-02,-2.884719466429535098e-02
3.044777914350095926e+01,1.144707552352984692e+02,-2.098955789192463506e+00,-1.994130100658080806e+01,-4.543479238207128595e-02,2.910849676804530203e-02
3.044754701777799255e+01,1.144707790227453188e+02,3.733074606854530408e+00,-1.986121511927314742e+01,3.098039645127169048e-03,2.619210240003950335e-02
3.044737780707825436e+01,1.144707938971856009e+02,1.259251214892898396e+01,-1.991642837640441854e+01,-4.763739544060122122e-02,6.744890521514797233e-02
3.044720197176135557e+01,1.144707857490455609e+02,6.126783364512396801e+00,-1.989937137766867536e+01,1.942490074118396332e-02,-1.119461088453793107e-01
3.044707263894857618e+01,1.144709041711219157e+02,4.001888167656259654e+00,-1.993439826424607375e+01,6.397805586251252563e-02,2.656172311179501311e-02
3.044698914799826639e+01,1.144707280011860320e+02,-1.739641781570635093e+00,-1.998755675676994770e+01,1.095669001748051340e-02,-1.405496722319827044e-02
3.044670831276880207e+01,1.144707958935760388e+02,-2.362472898536984722e+00,-1.976946786902573194e+01,1.878718452238409969e-02,-1.180485296150190523e-02
3.044652936950293665e+01,1.144708337782365248e+02,-4.963828274733819157e+00,-1.997966739700498451e+01,-6.670683497818227781e-03,1.134440563590667812e-02
3.044634727783087413e+01,1.144708095958921348e+02,8.875960883295215709e+00,-1.986402984708513486e+01,-2.218039763261643940e-02,-5.392898070361822754e-02
3.044617672560970334e+01,1.144707505504652261e+02,6.442236730647858955e+00,-1.990241331013252335e+01,-3.844645589416916670e-02,3.252468255505810285e-02
3.044594580613997081e+01,1.144708147293744247e+02,-4.370211351170702474e-01,-1.993125393936038137e+01,-1.361888182657073065e-01,-7.209568266304730577e-02
3.044586758999107445e+01,1.144706905531854488e+02,2.617555382525904140e+00,-1.986466957535047229e+01,-9.907317720895760307e-03,8.271722700483799540e-02
3.044561351856473763e+01,1.144708091950614488e+02,1.731223979179593808e+00,-1.994464009459311171e+01,-4.297238637429456193e-02,1.908133996035013200e-02
3.044539880465796600e+01,1.144707576348446452e+02,-8.835354218180292207e+00,-1.994741886267722819e+01,1.766351675959810380e-02,-1.472583744503523986e-02
3.044522902010456278e+01,1.144708513531010965e+02,1.207262070399236187e+01,-1.997258619131465807e+01,-8.228987312608607163e-02,-1.750821273395888888e-02
3.044507211206044417e+01,1.144708761184070482e+02,8.034557068171755745e+00,-1.995572887474810742e+01,-9.574134370654716064e-02,3.162038438941224688e-02
3.044491319903786675e+01,1.144708549402801907e+02,-5.176820193571860962e+00,-1.991464324111183970e+01,5.112246295972053267e-02,4.717225077210894513e-02
3.044476478905800576e+01,1.144708597216648656e+02,-4.154589286515404822e+00,-1.982623018574958351e+01,-7.037361628389682960e-03,-1.417901014871377277e-02
3.044451783608922213e+01,1.144707801008766239e+02,1.453308594582856106e+00,-1.982258914279429618e+01,-6.556299129720113972e-02,-1.223867386750087001e-02
3.044430720633232568e+01,1.144707879130268537e+02,-4.762230148933955576e+00,-1.994046247246864567e+01,-1.816185347091753277e-02,-3.616426085241943988e-03
3.044421941940018428e+01,1.144708029489533345e+02,-3.827788467356603164e+00,-1.988728658639175251e+01,-7.735767337434831803e-02,-7.372488082754345695e-02
3.044401201360377485e+01,1.144706975501150907e+02,1.999055226154566878e+00,-1.993451501679406235e+01,4.331074785494946205e-02,6.337844188486518870e-02
3.044376368076936146e+01,1.144707477216411036e+02,-1.573460559663891756e+00,-1.983827577616563076e+01,-8.872960476370374619e-03,4.465833077113916944e-02
3.044358702934992778e+01,1.144706987180125282e+02,6.594122489657895159e+00,-1.933056324828762484e+01,5.028334200899475803e+00,-8.207884132243446762e-02
3.044350275868310973e+01,1.144709154715336155e+02,3.169640490417874990e+00,-1.071958826965174616e+01,1.677413745987467664e+01,-2.985654129403526175e-02
3.044351632445330580e+01,1.144711570657288604e+02,7.033223306537315977e+00,5.998636409904078093e+00,1.897945724885329000e+01,7.604157898515757907e-02
3.044356654487776837e+01,1.144712925525529101e+02,-1.287954029646289733e+01,1.449193799451135689e+01,1.352459401943569617e+01,6.542645715996326392e-04
3.044372803970828656e+01,1.144714235577522459e+02,-6.543987807307586557e+00,1.792224667256418513e+01,8.474854818592730155e+00,4.277268629860597055e-02
3.044399888032960888e+01,1.144714318503032047e+02,-9.689500435162399228e+00,1.915265388474280783e+01,5.114855504846175016e+00,4.808777379529796669e-02
3.044409928714281932e+01,1.144715154933376766e+02,8.445214823687431149e+00,1.964031198816341472e+01,3.066396160103649571e+00,7.410228946908335723e-02
3.044421085218132106e+01,1.144715067553076437e+02,-3.558796279156442033e+00,1.984342872087325205e+01,1.808852829738348822e+00,4.136395735379444147e-03
3.044443473895658414e+01,1.144715122597640828e+02,1.291472545917911674e+01,1.988105578161204434e+01,1.080292586295609647e+00,-2.013135320867318750e-02
3.044461039320997742e+01,1.144714784601156197e+02,-7.850761073222418673e+00,1.983025352009321196e+01,5.599832501379932159e-01,4.472016673352487842e-02
3.044472643001058643e+01,1.144716263150434088e+02,5.770118363445425835e+00,1.993332453066291876e+01,3.851276553058706753e-01,-9.485038219901052725e-02
3.044492443628878320e+01,1.144714985730091001e+02,1.165766312578082520e+01,2.000300714406885660e+01,2.578749288302135123e-01,-8.211034570421416046e-02
3.044513231986296731e+01,1.144715933508533112e+02,1.561276298366854443e+00,1.996097424472787552e+01,6.910761368810325322e-02,1.417816126040438848e-04
3.044522743477318372e+01,1.144716206365552154e+02,-5.811729619991500506e+00,1.995465054316429132e+01,1.283901936660078180e-01,-4.719640301700286922e-02
3.044543322315530176e+01,1.144716571358874404e+02,-1.046473341531303225e+00,1.983333247054549275e+01,3.725595542711271357e-02,-4.766758186098271621e-02
3.044575946022751012e+01,1.144715261797443162e+02,5.156431251631270196e-02,2.002726288813672539e+01,4.621961070435960661e-02,-3.398645876905719704e-02
3.044594690660732539e+01,1.144715413043874008e+02,-1.446434851122665854e+01,1.988681773677189568e+01,1.023108984093817550e-02,3.938676106031183122e-02
3.044602031940455333e+01,1.144715298284593814e+02,-7.310918913841298661e+00,1.998297640594432423e+01,4.634130898004430038e-02,8.522847497115839874e-03
3.044619012957078397e+01,1.144715206144568782e+02,3.346488757532427583e-01,1.996826400223343612e+01,3.675395191483513818e-02,-6.020196003559106362e-02
3.044635570262768809e+01,1.144715684520706844e+02,-1.673891544290905387e+01,1.990567273568231954e+01,-1.102143377751648064e-02,9.435256794974578032e-02
3.044650281035949391e+01,1.144716155732143363e+02,2.164122439580248169e+01,2.002003869457861285e+01,-8.091948866831520648e-02,7.766526923109592917e-02
3.044677426478583371e+01,1.144715485113746496e+02,5.631132941686804116e+00,1.983074510294037651e+01,-6.229564424607857837e-02,-1.696856841359991458e-02
3.044686974394369372e+01,1.144716355651968342e+02,8.053750031588677860e-01,1.993263685488637904e+01,2.212545364979954035e-02,1.021281680628877316e-02
3.044715447105193107e+01,1.144716024663767513e+02,-1.084891713367245103e+01,1.987670952989891404e+01,2.858220486196222723e-02,2.319406111361234368e-02
3.044730497510365552e+01,1.144715615169787242e+02,3.272286054454753845e-02,1.998937217777995912e+01,4.525927639734735053e-02,-1.694750068601879949e-04
3.044748228345145336e+01,1.144716732410120130e+02,1.789360180192812455e-01,1.990762432490619105e+01,-1.263406294734756817e-02,-6.007250241643766198e-03
3.044766498599178561e+01,1.144716092116739645e+02,3.862204777658237553e+00,1.995180992903133443e+01,-8.375795956829105993e-02,-6.627900984951808072e-02
3.044785763384617283e+01,1.144715602121570015e+02,6.688043181437872686e-01,1.997593018817046229e+01,-2.183851564296874007e-02,-5.750433688778087277e-02
3.044791327706736084e+01,1.144715031160806689e+02,-3.922823176314294003e+00,1.997927715015143946e+01,3.625038849894077989e-03,9.696370362624341654e-02
3.044813997277182693e+01,1.144715899763392741e+02,1.328578131223804970e+00,1.985713685321386279e+01,-5.383212472814657978e-02,5.635768100361134014e-02
3.044834748587958373e+01,1.144714815443592926e+02,-1.707979241389705027e+00,2.005909708047792961e+01,4.490220807851661583e-02,3.871081195521766920e-03
3.044853602278878313e+01,1.144715502902203212e+02,-5.535693262801725467e+00,1.984220951186123472e+01,2.095877823305711610e-02,-3.180140612496624303e-02
3.044874866328661511e+01,1.144715279807523416e+02,-2.029730964648329916e+00,1.983922071858934544e+01,4.667241677937505190e-02,-6.371361268144927481e-02
3.044889178541185260e+01,1.144716019448342053e+02,8.173816355404264655e+00,1.997962823556452960e+01,2.017299326484838645e-02,4.143919518970909897e-03
3.044902847608646823e+01,1.144716413928969700e+02,-6.605855601978642966e+00,1.983132917304748943e+01,6.182636021620580707e-02,-3.029275529477964968e-02
3.044930971683093190e+01,1.144715398942631026e+02,2.934786137537971573e+00,1.987889593115998110e+01,5.939161652323607377e-02,4.872359155757634980e-02
3.044941961411288389e+01,1.144714567875602000e+02,1.966263409804849616e+01,1.990976103993023472e+01,-5.569888770513348186e-02,3.155851798320280510e-02
3.044971029776853655e+01,1.144716064052731497e+02,2.458300235284398561e+00,1.989876495880786678e+01,3.776067593773474451e-02,5.455201884447265226e-02
3.044979782921342348e+01,1.144716109970986366e+02,-2.192751848901530565e+01,1.988721553896703043e+01,-9.842857701941010520e-03,3.231483725966491621e-04
3.044996119171110749e+01,1.144715387307961123e+02,3.472406637897445414e+00,1.990528027220931051e+01,3.261870456005329377e-02,3.993829699654499743e-02
3.045014170695732147e+01,1.144715573307450427e+02,1.487098965150725505e+01,1.983643446807624144e+01,-1.006584672355761816e-02,-3.514316173564455831e-02
3.045043305128288580e+01,1.144715572048582715e+02,-7.051805821320797918e+00,1.988453352326055423e+01,1.689129695059414862e-02,1.584344626172405623e-02
3.045054142234257100e+01,1.144715154066901448e+02,3.773572862007357198e+00,1.994380031104737938e+01,4.020759889609690219e-02,4.381169605767117059e-02
3.045069994075353392e+01,1.144714572772603560e+02,8.385104277829902308e-01,1.993323935906253652e+01,4.490216051845571238e-02,-1.437194711549649451e-01
3.045085622708706552e+01,1.144715215118776257e+02,7.946220673745871821e+00,2.003976599640783718e+01,7.071998329280800022e-02,6.259791952157474360e-02
3.045113097640381739e+01,1.144715873805533874e+02,4.834568723414612634e+00,1.991071549935660556e+01,6.265054248446361163e-02,5.244283038433397715e-02
3.045124041727454411e+01,1.144715652642014163e+02,7.142699851897748253e+00,1.994199160490961376e+01,3.157407233057424323e-02,4.385764888049913102e-02
3.045139866148210217e+01,1.144715710792640806e+02,-2.591179024750296822e+00,1.983445376957067552e+01,1.855027391663142608e-02,-1.182025713649729748e-01
3.045162683785302349e+01,1.144715742865726185e+02,3.765701759885542899e+00,1.990402685344836797e+01,-1.740932578474969558e-02,-9.822723827948465214e-03
3.045178907072050123e+01,1.144715479696356795e+02,-1.346283980845251094e+01,1.990676443343086177e+01,2.013792157481462952e-02,-3.055961847202573120e-02
3.045200006224536793e+01,1.144715744482002435e+02,-5.383137379339373751e+00,1.927219798440650678e+01,4.954193331138883494e+00,5.851558147202946640e-03
3.045204180000651561e+01,1.144718085148157911e+02,1.604318291818834785e+00,1.064568519954685222e+01,1.679704350396998080e+01,-4.463108935693665957e-02
3.045216394872790744e+01,1.144718411829520903e+02,-2.728978267747758757e+00,-5.921145359447870682e+00,1.898824214642429453e+01,-2.089332804384940248e-02
3.045204558335550971e+01,1.144720610337489290e+02,-4.956101230308831873e+00,-1.451113221412368937e+01,1.355517304163887715e+01,2.039308496251815775e-02
3.045184945349759786e+01,1.144721656093492612e+02,-6.989246435103136257e+00,-1.798043048354033147e+01,8.580501240505132188e+00,-1.348167547478144185e-02
3.045170424499145057e+01,1.144722285525269427e+02,4.357642286033785339e+00,-1.919155454298280716e+01,5.169867596303610924e+00,-1.520762224999942791e-02
3.045155081675480702e+01,1.144722147051488150e+02,-5.568067950988226933e+00,-1.965808807916604550e+01,3.114932519586750992e+00,-1.127534137151195047e-03
3.045132744844354278e+01,1.144722531413131890e+02,-4.794015579608819522e+00,-1.984756718361465033e+01,1.760375926788159795e+00,9.125751874337491298e-02
3.045120767206137913e+01,1.144722522337524708e+02,7.224751123694759691e+00,-1.987616861402258550e+01,1.109364325846399657e+00,-3.178677631934873071e-02
3.045098730723222502e+01,1.144723881630695388e+02,-1.436873455025611535e-01,-1.997505881852685050e+01,6.828519444811855799e-01,9.167965982008025386e-03
3.045082463688476082e+01,1.144723311330710089e+02,4.801341013387791179e+00,-1.996875328697822383e+01,4.266932735742698379e-01,-8.486619735332609493e-02
3.045059028777295396e+01,1.144723734550484551e+02,-8.585599812570691824e+00,-1.991165354223338824e+01,1.257656471196046677e-01,7.317935573254084891e-02
3.045035332312831855e+01,1.144723658369473895e+02,2.127422582505159809e+00,-1.990235949165278484e+01,1.668142111673217576e-01,5.373925752108706100e-02
3.045036396576643511e+01,1.144723275256992991e+02,-1.441310247112753240e+00,-2.001512422094123878e+01,1.173207449434401639e-01,-4.513991333861956667e-02
3.045017592951639429e+01,1.144722885966958756e+02,4.253774946791980760e+00,-1.979663757030783700e+01,4.391991637505839735e-02,2.148347834251735505e-02
3.044992830496408587e+01,1.144723432835177448e+02,2.543676401317008562e+00,-1.989999053655288819e+01,2.264748236166759521e-02,-4.049137495859775338e-02
3.044969122461736788e+01,1.144722647137594578e+02,-1.242875925240981694e+01,-1.992508839707261004e+01,-5.520795788150175548e-03,-4.856083162799177538e-03
3.044959518523823760e+01,1.144724311882698089e+02,-1.501931442668899486e+01,-1.995798179911380643e+01,2.394605664774192288e-02,-4.502804821164582694e-02
3.044930622970660394e+01,1.144723410534827792e+02,1.138789768507409095e+00,-1.988995792985533129e+01,-2.995551221685293503e-02,3.567111961829841013e-03
3.044914800124367815e+01,1.144724091816879508e+02,5.800163682753415983e+00,-1.987941043805366093e+01,-3.091986013712159920e-02,-1.058839790678255677e-01
3.044896779070146664e+01,1.144723193871568014e+02,-4.170796728779398777e+00,-1.985961512505438620e+01,-7.245999543327720505e-02,6.805679463435963805e-02
3.044883319904650776e+01,1.144723008589619440e+02,6.932941141005232843e+00,-1.995013141814922619e+01,-2.017175581663685491e-03,9.181407123220990119e-02
3.044864307800382619e+01,1.144723503359222008e+02,6.465084193487383724e-01,-1.997276931375398590e+01,-6.143994152198346652e-03,-1.736794320048777682e-03
3.044855708540805495e+01,1.144723977264010557e+02,4.603856165953494006e+00,-1.996368657207332120e+01,-1.145171999091002674e-02,5.242218941486762041e-02
3.044830108108583033e+01,1.144723030338682435e+02,-3.569582747531911515e+00,-1.986838684383516451e+01,-8.476156822568747806e-03,-3.048615043666342856e-03
3.044814466809711817e+01,1.144723473343645992e+02,-3.277151303254805192e+00,-1.993992995665023571e+01,3.753596712122464485e-02,9.889161306435662047e-02
3.044792826861819890e+01,1.144723876547295021e+02,7.579335766066785496e+00,-1.999586856548042846e+01,5.724540224349707745e-02,6.615019841585091653e-02
3.044775937717609082e+01,1.144723448465926907e+02,4.255857697344461954e+00,-1.991187188481660186e+01,4.500361073869511147e-02,-2.442550448067630497e-02
3.044754697214441919e+01,1.144723733458603618e+02,3.225534332312326224e+00,-2.002817357422085465e+01,4.629124999759152287e-02,5.080486463936343539e-02
3.044742334327325040e+01,1.144723362287248420e+02,3.734350286013333520e+00,-1.983393381611882589e+01,-5.674271590763889372e-02,-1.077984481387204430e-01
3.044723733377091790e+01,1.144724311649138997e+02,-6.843195186181968204e+00,-1.998917433843729441e+01,-5.873708825322700861e-02,6.428742912268790854e-02
3.044705017845160100e+01,1.144722921397594462e+02,-7.887410475751707395e+00,-1.995683764080350997e+01,-1.673788955389707289e-02,-5.996679310112815880e-02
3.044689179197830953e+01,1.144723431104584250e+02,7.002331117281288542e-01,-2.003284808253044602e+01,-8.442652709323313770e-03,-7.546279467151710552e-02
3.044670816366075883e+01,1.144724040481306986e+02,7.317014772833759118e+00,-1.997277719414620378e+01,-1.293647484605894571e-01,1.562299839165625509e-02
3.044651553585300263e+01,1.144722768414861491e+02,9.626716341765664264e-01,-1.989146281646928571e+01,2.095004035807275858e-02,5.561195567576491389e-02
3.044626694388045252e+01,1.144723801211394090e+02,-7.714853828171094108e+00,-1.987818655924134248e+01,-4.428453074792437077e-02,-1.828178251722680642e-02
3.044613295129341424e+01,1.144723530771689610e+02,5.647937265836103116e+00,-1.987177838169879607e+01,-1.463690784974741241e-02,6.934820173713725222e-02
3.044595167231201316e+01,1.144723717234352875e+02,5.347418799019742153e+00,-1.990534805010525687e+01,-2.569645617739021309e-02,1.853154781909406232e-02
3.044574390344662618e+01,1.144723721041897164e+02,5.566095794278931308e+00,-1.988402748771441608e+01,3.534564456090311113e-02,-1.931278390688687466e-02
3.044566443639337550e+01,1.144724050229833665e+02,-7.338690371744490903e+00,-1.994135572496369235e+01,-5.469631386925000692e-03,-5.385604072219676852e-02
3.044535528710058614e+01,1.144723112507223277e+02,1.063591218768937807e+00,-1.982701497298842952e+01,1.131765929407676022e-02,-3.978360659846999318e-03
3.044520733294842785e+01,1.144724173971933112e+02,1.513312117377692090e+01,-1.987968964169467512e+01,6.161689707119727411e-02,4.409915589813905024e-02
3.044503926624219403e+01,1.144723569360066904e+02,-9.182893286497947116e+00,-1.992958332270746169e+01,-2.144940982297413590e-02,3.940611899887029590e-02
3.044492818032959747e+01,1.144722724453483380e+02,9.123657857776567681e+00,-1.984339799953774630e+01,-2.348973753173584297e-02,2.041557483643530180e-02
3.044464456180250522e+01,1.144723548038797105e+02,-8.670326205465466174e+00,-1.992543147106040280e+01,3.685693926132205256e-02,-4.091032401788863987e-02
3.044444642192970463e+01,1.144723194455379485e+02,-2.021589906112808865e+00,-1.986739628659304557e+01,2.837607091698484893e-02,8.271899783866762390e-04
3.044438247462895930e+01,1.144723477447437006e+02,1.241805806474778784e+00,-1.995903236359647082e+01,5.760989785461346352e-02,1.123204052033759982e-02
3.044422663868750334e+01,1.144724433781357646e+02,9.530792603436134769e+00,-1.993384127785068216e+01,6.317202678051618558e-02,-6.150565376763691972e-02
3.044398069778556959e+01,1.144723015758010831e+02,-1.577033415676537320e+00,-1.992016198445026731e+01,3.361961309570520029e-02,-9.589661410261199337e-03
3.044374223217944930e+01,1.144723691963848893e+02,-3.412925837909938753e+00,-1.994893928292324503e+01,-5.182261073408912094e-02,-6.186610327935259529e-02
3.044363053412657649e+01,1.144723561579711770e+02,-1.182740462778876234e-01,-1.925332810997980815e+01,4.892312591768350316e+00,1.154467297873350978e-02
3.044348467846727502e+01,1.144724096248186243e+02,-1.123397274611052410e+01,-1.072505198612349453e+01,1.683863961048681546e+01,-8.168470635559844928e-02
3.044343351290298116e+01,1.144728282905343946e+02,-3.503315729558943659e+00,5.899355153036342614e+00,1.899668949129264917e+01,2.290937018029591890e-02
3.044356634816231377e+01,1.144728680678048107e+02,1.556632128517784253e+01,1.457169959101031864e+01,1.352636342928990487e+01,-1.555169447013527752e-02
3.044367776471067089e+01,1.144729862648339207e+02,-8.811432408558016460e-01,1.794192267879184399e+01,8.546533433705688410e+00,-3.124499225598020499e-02
3.044383912774269518e+01,1.144730063615990758e+02,-3.822431776611292520e+00,1.918433472764398218e+01,5.171962250105439196e+00,9.693583395310932660e-02
3.044404652621024354e+01,1.144731432017321708e+02,1.006591343652586801e+01,1.963839482309926510e+01,3.045200594053137699e+00,-1.990222804612456348e-02
3.044428231105060334e+01,1.144730209108156345e+02,-5.321600693332609211e+00,1.982263766310383346e+01,1.811917108758581252e+00,-1.291349269957359561e-02
3.044439222783421428e+01,1.144731176094661720e+02,2.410871560240835931e-01,1.990230445757034516e+01,1.011420376209791527e+00,1.232641879803742929e-01
3.044459906400285476e+01,1.144731132838508927e+02,-4.827893838296157369e+00,1.992259894537596665e+01,6.945352293659207144e-01,2.887160030395124685e-02
3.044475788616768597e+01,1.144731025318579469e+02,-2.733824176728691491e+00,1.985644242839370932e+01,4.319442691229237741e-01,2.457192189056923992e-02
3.044500091284937326e+01,1.144731945453562219e+02,-9.050998390258017778e+00,1.984785609716268340e+01,2.466130407750594666e-01,5.503556519339651738e-03
3.044523274232640375e+01,1.144731080903561349e+02,-5.056365812781644209e+00,1.989027932363598339e+01,1.760910746766329305e-01,-5.454944603953897769e-02
3.044528616602020321e+01,1.144731575201335119e+02,-1.099013754314118430e+01,1.991796192581844238e+01,3.551256967314828095e-03,7.658830384229559085e-02
3.044547556227354335e+01,1.144731971775077000e+02,-3.971458271586244315e+00,1.992005789234331203e+01,-2.414471353843206103e-03,-4.038107028573795221e-02
3.044562957839789163e+01,1.144731458927172127e+02,-4.740904628165360180e+00,1.994147962862860268e+01,3.011684794298261081e-02,-2.214522830377440091e-02
3.044581540430316124e+01,1.144731950390292923e+02,-8.631791999610472388e+00,1.994486301729808631e+01,-1.115385630051372347e-02,-2.718142200277405898e-02
3.044601291669401988e+01,1.144730475973730535e+02,-5.938638737502970333e-01,1.990847827216463628e+01,1.655994012412275243e-02,-2.609145832232599715e-02
3.044625016494250502e+01,1.144731672956406499e+02,-4.961577356520319865e-02,1.994863503388767612e+01,5.584341325742020468e-02,5.623969333639681351e-02
3.044641606417165036e+01,1.144731375136161091e+02,8.555098530847676130e+00,1.995747601478985089e+01,-9.324949014590563912e-02,-5.168442721722248806e-02
3.044658858321797013e+01,1.144730954933470031e+02,8.799670753425404612e+00,1.991236823593532179e+01,1.438183058888144183e-02,2.941979277013857114e-02
3.044674681783843440e+01,1.144731729625504073e+02,-4.788797469151058195e+00,1.987978284416085017e+01,-4.687552179784900547e-02,-5.613545568497090715e-02
3.044693367307917597e+01,1.144731520903342101e+02,8.044774818146741779e+00,1.992223695193531441e+01,4.942927942232158006e-02,6.080440027651748403e-02
3.044716026259669661e+01,1.144730606081565298e+02,8.031488497955155959e-01,1.982732100308876255e+01,3.095972991686836168e-03,-5.762842044862065416e-02
3.044726257511466727e+01,1.144731290073670493e+02,8.549815952142434838e+00,1.991965979631860151e+01,8.980605822237168120e-03,2.101653408421325087e-02
3.044748227240734550e+01,1.144732496164430273e+02,-4.506224960712285621e-01,1.992579665706763592e+01,-3.126581001956102619e-03,4.978791088454165986e-02
3.044762770403647778e+01,1.144732971697577000e+02,-1.903493008733520842e-01,1.991531984508968733e+01,2.665369588728097941e-02,-1.612139351552605709e-02
3.044776887105914653e+01,1.144731476379975703e+02,7.713815900559015226e+00,2.001780118334076519e+01,4.990497813449294717e-02,6.318240706352928893e-02
3.044796357639728157e+01,1.144731677397875416e+02,9.146950409961666750e+00,1.989651959955373783e+01,1.905471136203597260e-02,-1.555111543501277310e-02
3.044824418825033163e+01,1.144731280255302863e+02,-1.187047760026965992e+00,1.987768492220713767e+01,-5.536665069304876063e-02,9.558200629054181344e-03
3.044833046412066935e+01,1.144731530180613106e+02,-1.257596196533734201e+01,1.987388895078415274e+01,5.720892256893407579e-02,4.884566593101222556e-03
3.044854316426613750e+01,1.144731000253201216e+02,-4.546162326116808927e+00,1.989244302560885913e+01,-8.675644089325874539e-03,2.814396435903542340e-02
3.044882853773965437e+01,1.144730980493078647e+02,1.425491319201761309e+00,1.989639118914694649e+01,-3.869795194971279578e-02,6.293642616924272418e-03
3.044892200438843588e+01,1.144731854702755385e+02,-2.304627528026828465e+00,1.990348492556501014e+01,1.349889911783832067e-02,-1.096351870303931553e-01
3.044902202613396014e+01,1.144731396879031280e+02,7.846399912795768428e-01,1.999928675130970035e+01,3.004033239356633522e-02,-2.203033676304506916e-02
3.044923666438470278e+01,1.144732438101617760e+02,6.404474355259677232e+00,1.987649763808660452e+01,-4.493148811066778603e-02,3.915033585075958222e-02
3.044947818865946587e+01,1.144730587796635319e+02,1.344576172692955929e+00,1.993494003280538962e+01,4.860118195213834758e-02,-2.009161085966581356e-02
3.044955314893789122e+01,1.144731217030995225e+02,-1.489219243722964103e+00,1.985989910806485881e+01,3.248767822731829773e-03,-8.235784165480958263e-02
3.044985566776006536e+01,1.144731628182722005e+02,-1.657927309520463055e+01,1.995242253012190758e+01,-9.619076523643216303e-02,-1.246970003281674955e-01
3.044995800815740594e+01,1.144732698994832703e+02,-1.045355213240434367e+01,1.991248534839069251e+01,7.663098529595742392e-02,-5.453193836122319921e-02
3.045017873078118953e+01,1.144730769848094951e+02,3.450971548432435476e+00,1.982758009676408051e+01,-1.047828565591722716e-02,5.768746264761014791e-02
3.045033479343547000e+01,1.144731628010879092e+02,-5.020434613940569335e+00,1.989393508645029129e+01,-4.225548831375057490e-02,-9.016856652850458549e-04
3.045048434422729144e+01,1.144731793330696803e+02,-2.932112399402694969e+00,1.992729793643135849e+01,1.836577477765537203e-02,2.794056501312549082e-02
3.045069023834120259e+01,1.144731441797201938e+02,6.484449643690851639e-01,1.984058487191822451e+01,2.814917842598916795e-02,6.596112071844905354e-03
3.045085349187631607e+01,1.144730981092094595e+02,-1.549633390974968217e-01,1.990876669507092345e+01,6.506597830590626907e-02,3.479012066262251318e-02
3.045103741852573620e+01,1.144731886825347971e+02,9.067470195848136072e+00,1.989371837574098478e+01,1.158533331632667224e-01,2.004411957505670625e-02
3.045119459057636746e+01,1.144731657193857899e+02,2.194564138263888520e+00,1.987507040362713440e+01,4.411827340651437723e-02,8.573886316575579647e-02
3.045138593238877789e+01,1.144731495176498584e+02,8.360466828669233408e+00,1.998723010812531697e+01,7.216045359887291767e-03,9.758999018727038122e-03
3.045157178079650961e+01,1.144731002558743427e+02,6.774746233149436137e+00,1.993747790918861895e+01,-9.019107410308821807e-03,-2.166386804782718944e-02
3.045174684668465304e+01,1.144732020602656064e+02,-1.924560389573005903e+00,1.998766286164379835e+01,6.475974524481936667e-02,-3.780066181279066045e-02
3.045188400915601079e+01,1.144732100860870929e+02,6.281708674631816258e+00,1.929033637392990741e+01,4.910686991326143946e+00,-3.634853727766908238e-02
3.045212965249959325e+01,1.144732213354253503e+02,6.334801587805134027e+00,1.064928938470553099e+01,1.683130942459520085e+01,7.955787301921901297e-03
3.045211996380839281e+01,1.144734790836267422e+02,-2.927910864473640018e+00,-5.877303892763869442e+00,1.895565854824048202e+01,8.064582574562691522e-03
3.045202500978368576e+01,1.144736434486031555e+02,1.401500797150333888e+01,-1.456810490563286109e+01,1.350110158225259482e+01,-3.268775009688591748e-02
3.045177805041766561e+01,1.144737967020700751e+02,3.253007371889204968e+00,-1.796761360283591102e+01,8.547847831157881160e+00,1.653466903678143737e-02
3.045172781591160316e+01,1.144739160865313323e+02,1.016650546700273594e+01,-1.918873417106738088e+01,5.167267934562491227e+00,-2.428728213284853110e-02
3.045155360756568541e+01,1.144738653044456669e+02,7.206008462720193464e+00,-1.971499161118878973e+01,3.019074582857704581e+00,-1.044840973481709068e-01
3.045133655025913200e+01,1.144739344544429258e+02,-3.909643951256454919e+00,-1.982119353517343541e+01,1.786494724982403470e+00,-8.850166359159620036e-03
3.045122402000260919e+01,1.144739528221745672e+02,8.794332369971872509e+00,-1.987977009698703768e+01,1.060342608248005858e+00,-2.531173318804908617e-02
3.045106906023296744e+01,1.144738827304617672e+02,4.735600401488983202e+00,-2.000865308487771799e+01,7.091810422560554938e-01,1.826984471250469449e-02
3.045085020980079449e+01,1.144738818377876299e+02,1.578366550122738943e+01,-1.999254536747939781e+01,3.250735735388875502e-01,-3.171090153056151800e-02
3.045066011449006638e+01,1.144738877249203171e+02,6.412624870211289796e+00,-1.988711523714708207e+01,2.243306838765809774e-01,-7.511553928028025240e-02
3.045047880183451738e+01,1.144740557565289265e+02,-2.243154491299125475e+00,-1.982232403682156274e+01,1.260641513079005516e-01,1.251916037279511285e-01
3.045032626571944689e+01,1.144739286679566135e+02,-3.800420561341851577e+00,-2.002565311966013439e+01,1.994089895332971235e-02,-1.066229096500828991e-02
3.045015675486945383e+01,1.144739832774580464e+02,6.063625023685252913e+00,-1.991578819684845669e+01,1.007900522931302334e-01,-5.472572276600795593e-02
3.044987654232220109e+01,1.144739290107824132e+02,-4.151008796867439621e+00,-1.989944094979186673e+01,-2.951078740666660677e-02,4.414517918400137630e-02
3.044971569471794837e+01,1.144739348528293021e+02,2.379047166769489507e+01,-1.999966384435369804e+01,-2.585616206821189297e-02,1.601307412513698972e-02
3.044959795003695646e+01,1.144739051971095307e+02,-5.029165836670479450e+00,-1.990053962037368152e+01,-1.515604115479534351e-02,2.345718586049726218e-02
3.044937062106961889e+01,1.144738531740726302e+02,-1.140286443738413169e+01,-1.986791189115831102e+01,-9.194340849114067404e-02,-1.659640685576245153e-02
3.044919400949955346e+01,1.144738853618979704e+02,-1.850908792618609078e-01,-1.990495916193378179e+01,-5.571416347007237396e-02,2.302871623295951048e-02
3.044911458735769116e+01,1.144738976193654878e+02,-1.049704273784412001e+00,-1.992955268576359273e+01,-9.088303304183227571e-02,6.584481729004700457e-04
3.044881646835076694e+01,1.144739762747053220e+02,1.777133743792652254e+01,-1.996790440822412904e+01,5.866145702424756941e-02,-3.943629114558380722e-02
3.044861665637028736e+01,1.144739173042565312e+02,1.611195681837368054e+00,-1.987536971182453982e+01,8.155671393203634337e-03,-6.125956973771672781e-02
3.044846749269100528e+01,1.144738848366528146e+02,6.093984063949291041e+00,-1.987161467445010388e+01,2.448760242444963757e-03,1.469261643484778184e-03
3.044832115933443717e+01,1.144738932438415162e+02,-1.437374066179217813e+01,-1.991406993975133588e+01,-4.289368285196792224e-02,9.138797219522565296e-02
3.044813179322068919e+01,1.144739334100625712e+02,1.075191106689596765e+01,-1.993089792872275368e+01,-7.305341496820751124e-03,1.460336812782470940e-02
3.044797329452667967e+01,1.144738727286811013e+02,6.888826899481649280e-01,-1.984624226076904208e+01,-1.614168541402708629e-02,-4.400383965203245873e-02
3.044775523160542008e+01,1.144739928510384317e+02,-3.143492555948267597e+00,-1.994144811146028218e+01,-6.842638193266202540e-02,-2.599401756267442215e-02
3.044766060218593040e+01,1.144738572928378346e+02,-1.176396586773359942e+01,-1.991649817282626245e+01,-6.952280416650287453e-02,9.150651320359326490e-02
3.044739527369859289e+01,1.144738962748444351e+02,-8.829242238601638704e+00,-1.981547952009695734e+01,-4.570697059863675082e-03,9.246371269636896595e-02
3.044728148886707686e+01,1.144738055451268508e+02,-4.591113250175733462e+00,-1.983971473535952867e+01,-1.149758340425166697e-01,-1.069780966753708720e-02
3.044695521198984878e+01,1.144738468859688112e+02,-9.772512732324470264e+00,-1.989730436454651397e+01,3.948975268063521088e-02,-4.388459727393631549e-02
3.044686907155259448e+01,1.144739779165884244e+02,3.402452489354008680e+00,-1.998653480831860918e+01,-1.333686389629256015e-02,-1.566963630702166224e-02
3.044661817686020910e+01,1.144740123007349410e+02,-7.188107425488127866e+00,-1.991918096359896495e+01,1.368361884273128493e-01,-2.078480292285195957e-02
3.044647380852313745e+01,1.144739968572923061e+02,-3.106790482134158538e+00,-1.996728278473185014e+01,7.350271306232807056e-02,1.792513555182199611e-02
3.044638735726372758e+01,1.144740666271633245e+02,-1.206346352451841675e+01,-1.995266577029027033e+01,4.795615069276041448e-02,-5.224316034696096372e-02
3.044611786274047205e+01,1.144739865896474811e+02,4.652595236396445344e+00,-1.994393125833997971e+01,2.479365944984033426e-02,7.884724731864652114e-02
3.044598839463710149e+01,1.144739290108490479e+02,1.738782184658656860e+01,-1.993779668553096585e+01,2.072237414940084413e-02,1.764789377986092020e-02
3.044587984388028801e+01,1.144739636911180298e+02,-2.022870149016700481e+00,-1.992925956050323322e+01,2.162334911926870953e-02,-2.100448149599234982e-02
3.044559620129314581e+01,1.144739161742351286e+02,-1.316131476031532443e+01,-1.995046041345401022e+01,-3.959758173595896713e-02,7.273027199073507643e-02
3.044544287918396819e+01,1.144738624851929671e+02,6.168400974452818986e+00,-1.993909921953118669e+01,-1.847420532524134476e-02,3.743403683178767039e-02
3.044532626237571193e+01,1.144739526917724532e+02,1.639406222545788383e+00,-1.990871448871286375e+01,-1.576080781521874835e-02,-2.883379966649679549e-02
3.044506008070804981e+01,1.144739943255734147e+02,1.998512555173239669e+00,-1.999101495360259406e+01,-7.615028538189573537e-02,-2.342053708233592449e-02
3.044496438350117629e+01,1.144739387240625206e+02,5.162842230397668430e+00,-1.982090390862938989e+01,4.750530768771520085e-02,-6.050554009264148131e-03
3.044472811275693047e+01,1.144739233661186688e+02,-1.844558510435651222e+00,-1.993489426279717946e+01,-3.406541733402364269e-02,2.512458728508898398e-02
3.044453774972510374e+01,1.144738801710697942e+02,-1.955085533229865558e+00,-1.994022611163638103e+01,5.881861947587613965e-02,2.161538313961335403e-02
3.044432501302625127e+01,1.144738855231991863e+02,5.047886399945650027e+00,-1.983063678751957326e+01,1.218261716802033177e-02,5.482562107535346452e-02
3.044420172381788348e+01,1.144739574695963285e+02,-4.174896397406786086e+00,-1.989789001920214417e+01,-5.684528964483811370e-02,-1.388517311776974253e-02
3.044392322056128108e+01,1.144738485050043977e+02,7.140886969616749624e+00,-1.996373660082379686e+01,-7.773759006878872002e-02,7.838260744469098540e-02
